1,2,H,3826 Koval Lane,Woodbridge,VA,22192
2,2,J,2210 Main Street,Richmond,VA,22965
3,2,D,3345 Scout Street,Falls Church,VA,22102
4,3,H,3829 Koval Lane,Woodbridge,VA,22195
5,3,J,4814 Home Depot Lane,Woodbridge,VA,22194
6,3,E,1000 Apple Street ,San Fransisco,CA,99876
7,4,H,3830 Koval Lane,Woodbridge,VA,22196
8,4,E,2345 Ice Cream Street,Woodbridge,VA,22191
9,4,J,2345 Good Will Lane,Woodbridge,VA,22191
10,1,H,3832 Koval Lane,Woodbridge,VA,22198
11,1,D,209 Channing Street,Washington,DC,20002
12,1,E,5971 Kings Towne ,Alexandria,VA,22000
13,6,H,3830 Koval Lane,Woodbridge,VA,22196
14,6,D,1234 Court House Road,Arlington,VA,22207
15,6,,10 Main Street,Columbus ,OH,39876
